{
    "volume_24h": {
        "USDT": 57505061358.531166
    },
    "best_percent_change_24h": {
        "OKB": 18.45986076,
        "YFI": 11.63371346,
        "HT": 9.19638956,
        "SUSHI": 8.40586047,
        "WAVES": 7.74104894,
        "CVT": 3.40249349,
        "LUNA": 2.06615773,
        "ETC": 2.03213965,
        "CRO": 2.01945495,
        "CELO": 1.8487066
    },
    "worst_percent_change_24h": {
        "CRV": -5.9784358,
        "OCEAN": -6.20645392,
        "RUNE": -6.86933532,
        "UNI": -6.86945133,
        "ABBC": -7.08884128,
        "BAND": -8.84407515,
        "ANT": -9.26527324,
        "AMPL": -9.45421916,
        "XEM": -12.88074366,
        "BCD": -13.32986082
    },
    "cmc_rank": {
        "BTC": 17470.50039225309,
        "ETH": 470.1874027265339,
        "USDT": 1.00009949039877,
        "XRP": 0.28756226041321,
        "LINK": 13.13035361862708,
        "LTC": 72.123444137307,
        "BCH": 243.19650262940414,
        "DOT": 4.60997188511262,
        "BNB": 27.8069677680598,
        "ADA": 0.10507853111148,
        "BSV": 159.18755257743015,
        "USDC": 0.99995167997081,
        "EOS": 2.57398275693376,
        "WBTC": 17489.978965438695,
        "XMR": 118.11423300361704,
        "TRX": 0.02546503681021,
        "XLM": 0.08178875578232,
        "XTZ": 2.03593727228283,
        "CRO": 0.06542124166121,
        "LEO": 1.29563283118343
    },
    "volume_over_76": {
        "AAVE": 71.01347541988189,
        "ADA": 0.10507853111148,
        "ATOM": 5.00709535890817,
        "BAND": 5.71341360507587,
        "BAT": 0.19876611874429,
        "BCH": 243.19650262940414,
        "BNB": 27.8069677680598,
        "BSV": 159.18755257743015,
        "BTC": 17470.50039225309,
        "BUSD": 1,
        "COMP": 111.55278765320332,
        "DAI": 0.99839488409201,
        "DASH": 78.46214896107402,
        "DOT": 4.60997188511262,
        "EOS": 2.57398275693376,
        "ETC": 5.83835701168133,
        "ETH": 470.1874027265339,
        "FIL": 28.6453506628039,
        "HT": 3.99817854799539,
        "LINK": 13.13035361862708,
        "LTC": 72.123444137307,
        "NEO": 15.52612843715163,
        "OKB": 5.67248538699167,
        "OMG": 3.2148375681595,
        "ONT": 0.48011217541058,
        "PAX": 0.99568151147146,
        "QTUM": 2.09552940557024,
        "RSR": 0.01934236333388,
        "SUSHI": 1.28617817361439,
        "TRX": 0.02546503681021,
        "TUSD": 0.99828109361288,
        "UNI": 3.35500213882814,
        "USDC": 0.99995167997081,
        "USDT": 1.00009949039877,
        "VET": 0.01123509760883,
        "WAVES": 5.24110974763487,
        "XLM": 0.08178875578232,
        "XMR": 118.11423300361704,
        "XRP": 0.28756226041321,
        "XTZ": 2.03593727228283,
        "YFI": 25082.415915301193,
        "ZEC": 61.01685497476006
    },
    "profit": -7.29
}