{
    "volume_24h": {
        "USDT": 73702332925.30542
    },
    "best_percent_change_24h": {
        "BCD": 20.8105119,
        "BTG": 18.1378374,
        "OXT": 11.28329859,
        "DCR": 10.59446587,
        "DGB": 9.33252374,
        "YFI": 9.32475561,
        "RSR": 7.7878996,
        "SNT": 6.83456596,
        "NEXO": 6.20686942,
        "ETC": 6.13809225
    },
    "worst_percent_change_24h": {
        "KSM": -7.40129128,
        "EGLD": -7.81219906,
        "REN": -8.05782988,
        "QNT": -9.04350316,
        "SOL": -9.49521488,
        "STX": -10.01712502,
        "COMP": -10.29390346,
        "RUNE": -12.95064085,
        "NEAR": -13.63265303,
        "SUSHI": -17.71158519
    },
    "cmc_rank": {
        "BTC": 17679.739783940186,
        "ETH": 472.2740689237668,
        "USDT": 1.0007724722683,
        "XRP": 0.28758019376014,
        "LINK": 13.21810421134039,
        "LTC": 71.05531197756909,
        "BCH": 246.21967846433557,
        "DOT": 4.60184258973152,
        "BNB": 27.86451235648683,
        "ADA": 0.10506244234714,
        "BSV": 160.8720170994127,
        "USDC": 1.00035105486595,
        "EOS": 2.58136346871467,
        "WBTC": 17597.69120892337,
        "XMR": 122.0061675414929,
        "TRX": 0.02542405172658,
        "XLM": 0.08320571404679,
        "XTZ": 2.04963935189423,
        "CRO": 0.06390527738882,
        "LEO": 1.2978539126403
    },
    "volume_over_76": {
        "AAVE": 71.44885852424558,
        "ADA": 0.10506244234714,
        "ATOM": 5.03081468772916,
        "BAND": 5.81593754631056,
        "BAT": 0.19786986594076,
        "BCH": 246.21967846433557,
        "BNB": 27.86451235648683,
        "BSV": 160.8720170994127,
        "BTC": 17679.739783940186,
        "BUSD": 0.9999,
        "COMP": 110.67759872056199,
        "DAI": 1.00115489433054,
        "DASH": 78.25062543560637,
        "DOT": 4.60184258973152,
        "EOS": 2.58136346871467,
        "ETC": 5.93902690807295,
        "ETH": 472.2740689237668,
        "FIL": 28.5873791576889,
        "HT": 3.6734425203038,
        "LINK": 13.21810421134039,
        "LTC": 71.05531197756909,
        "NEO": 15.5941094022778,
        "OKB": 5.04274082293203,
        "OMG": 3.27061589346295,
        "ONT": 0.48046434371869,
        "PAX": 0.99769199203671,
        "QTUM": 2.11154109772412,
        "RSR": 0.01980768106072,
        "SNX": 4.59507241856984,
        "SUSHI": 1.10604718314501,
        "TRX": 0.02542405172658,
        "TUSD": 0.99931795569437,
        "UNI": 3.39390184443764,
        "USDC": 1.00035105486595,
        "USDT": 1.0007724722683,
        "VET": 0.01156076837419,
        "WAVES": 5.04041155429389,
        "XLM": 0.08320571404679,
        "XMR": 122.0061675414929,
        "XRP": 0.28758019376014,
        "XTZ": 2.04963935189423,
        "YFI": 22288.350072279285,
        "ZEC": 62.49015723500348
    }
}